{"cameraMode":{"drawMode":0,"name":"Shaded","section":"Shading Mode"},"sceneLighting":true,"audioPlay":false,"sceneViewState":{"showFog":false,"showMaterialUpdate":false,"showSkybox":false,"showFlares":false,"showImageEffects":true,"showParticleSystems":false,"showVisualEffectGraphs":true,"m_FxEnabled":true},"in2DMode":false,"pivot":{"x":-1.3047548532485963,"y":0.47113037109375,"z":0.13840484619140626},"rotation":{"x":0.0038414550945162775,"y":0.9807976484298706,"z":-0.19403298199176789,"w":0.019422804936766626},"size":5.436138153076172,"orthographic":false}