{"cameraMode":{"drawMode":0,"name":"Shaded","section":"Shading Mode"},"sceneLighting":true,"audioPlay":false,"sceneViewState":{"showFog":false,"showMaterialUpdate":false,"showSkybox":false,"showFlares":false,"showImageEffects":true,"showParticleSystems":false,"showVisualEffectGraphs":true,"m_FxEnabled":true},"in2DMode":false,"pivot":{"x":-0.061772145330905917,"y":1.9038772583007813,"z":0.23313528299331666},"rotation":{"x":-0.053218916058540347,"y":0.921043336391449,"z":-0.1345510631799698,"w":-0.3616691529750824},"size":1.2247449159622193,"orthographic":false}