{"cameraMode":{"drawMode":0,"name":"Shaded","section":"Shading Mode"},"sceneLighting":false,"audioPlay":false,"sceneViewState":{"showFog":false,"showMaterialUpdate":false,"showSkybox":false,"showFlares":false,"showImageEffects":false,"showParticleSystems":false,"showVisualEffectGraphs":true,"m_FxEnabled":true},"in2DMode":false,"pivot":{"x":-0.2056487649679184,"y":0.6355923414230347,"z":0.31687670946121218},"rotation":{"x":-0.006019298452883959,"y":0.9938907027244568,"z":-0.08549509197473526,"w":-0.0698833018541336},"size":0.8303332924842835,"orthographic":false}